-- ===============================================================
-- Projeto:       SolarMetrics 2.0
-- Sprint:        3 - Carga (mínimo 5 registros por tabela)
-- Pré-requisito: 01_DDL.sql
-- ===============================================================

INSERT INTO SM_USUARIO (ID_USER, NOME_COMPLETO, EMAIL, SENHA_HASH, STATUS) VALUES
('U1', 'Arthur Ribeiro Algate', 'arthur.algate@fiap.com', 'HASH_A1', 'ATIVO');
INSERT INTO SM_USUARIO (ID_USER, NOME_COMPLETO, EMAIL, SENHA_HASH, STATUS) VALUES
('U2', 'Carlos Santiago Clementino', 'carlos.clementino@fiap.com', 'HASH_C2', 'ATIVO');
INSERT INTO SM_USUARIO (ID_USER, NOME_COMPLETO, EMAIL, SENHA_HASH, STATUS) VALUES
('U3', 'Eder Silva', 'eder.silva@fiap.com', 'HASH_E3', 'ATIVO');
INSERT INTO SM_USUARIO (ID_USER, NOME_COMPLETO, EMAIL, SENHA_HASH, STATUS) VALUES
('U4', 'Usuario Quatro', 'usuario4@fiap.com', 'HASH_U4', 'INATIVO');
INSERT INTO SM_USUARIO (ID_USER, NOME_COMPLETO, EMAIL, SENHA_HASH, STATUS) VALUES
('U5', 'Usuario Cinco', 'usuario5@fiap.com', 'HASH_U5', 'ATIVO');

INSERT INTO SM_END_SISTEMA (ID_END_SIS, LOGRADOURO, CIDADE, UF, CEP) VALUES
('END1', 'Av. Paulista, 1000', 'São Paulo', 'SP', '01310100');
INSERT INTO SM_END_SISTEMA (ID_END_SIS, LOGRADOURO, CIDADE, UF, CEP) VALUES
('END2', 'Rua Solar, 200', 'Campinas', 'SP', '13000000');
INSERT INTO SM_END_SISTEMA (ID_END_SIS, LOGRADOURO, CIDADE, UF, CEP) VALUES
('END3', 'Alameda dos Painéis, 45', 'Curitiba', 'PR', '80000000');
INSERT INTO SM_END_SISTEMA (ID_END_SIS, LOGRADOURO, CIDADE, UF, CEP) VALUES
('END4', 'Estrada da Usina, km 12', 'Ribeirão Preto', 'SP', '14000000');
INSERT INTO SM_END_SISTEMA (ID_END_SIS, LOGRADOURO, CIDADE, UF, CEP) VALUES
('END5', 'Rodovia BR-101, s/n', 'Florianópolis', 'SC', '88000000');

INSERT INTO SM_SISTEMA (ID_SISTEMA, NOME_INSTALACAO, DATA_INSTALACAO, POTENCIA_TOTAL, STATUS, SM_USUARIO_ID_USER, SM_END_SISTEMA_ID_END_SIS) VALUES
('S1', 'Usina Alpha - Telhado Industrial', DATE '2023-01-15', 3000, 'ATIVO', 'U1', 'END1');
INSERT INTO SM_SISTEMA (ID_SISTEMA, NOME_INSTALACAO, DATA_INSTALACAO, POTENCIA_TOTAL, STATUS, SM_USUARIO_ID_USER, SM_END_SISTEMA_ID_END_SIS) VALUES
('S2', 'Usina Beta - Shopping', DATE '2023-06-20', 3500, 'ATIVO', 'U2', 'END2');
INSERT INTO SM_SISTEMA (ID_SISTEMA, NOME_INSTALACAO, DATA_INSTALACAO, POTENCIA_TOTAL, STATUS, SM_USUARIO_ID_USER, SM_END_SISTEMA_ID_END_SIS) VALUES
('S3', 'Usina Gamma - Fazenda', DATE '2024-02-10', 4000, 'ATIVO', 'U3', 'END3');
INSERT INTO SM_SISTEMA (ID_SISTEMA, NOME_INSTALACAO, DATA_INSTALACAO, POTENCIA_TOTAL, STATUS, SM_USUARIO_ID_USER, SM_END_SISTEMA_ID_END_SIS) VALUES
('S4', 'Usina Delta - Escola', DATE '2024-05-01', 4500, 'MANUTENCAO', 'U1', 'END4');
INSERT INTO SM_SISTEMA (ID_SISTEMA, NOME_INSTALACAO, DATA_INSTALACAO, POTENCIA_TOTAL, STATUS, SM_USUARIO_ID_USER, SM_END_SISTEMA_ID_END_SIS) VALUES
('S5', 'Usina Epsilon - Condomínio', DATE '2024-08-18', 5000, 'ATIVO', 'U5', 'END5');

INSERT INTO SM_SENSOR (ID_SENSOR, TIPO, STATUS, LOCALIZACAO, SM_SISTEMA_ID_SISTEMA) VALUES
('SEN1', 'IRRADIANCIA', 'ATIVO', 'Telhado Norte', 'S1');
INSERT INTO SM_SENSOR (ID_SENSOR, TIPO, STATUS, LOCALIZACAO, SM_SISTEMA_ID_SISTEMA) VALUES
('SEN2', 'TEMPERATURA', 'ATIVO', 'Telhado Sul', 'S1');
INSERT INTO SM_SENSOR (ID_SENSOR, TIPO, STATUS, LOCALIZACAO, SM_SISTEMA_ID_SISTEMA) VALUES
('SEN3', 'UMIDADE', 'INATIVO', 'Área técnica', 'S2');
INSERT INTO SM_SENSOR (ID_SENSOR, TIPO, STATUS, LOCALIZACAO, SM_SISTEMA_ID_SISTEMA) VALUES
('SEN4', 'VENTO', 'ATIVO', 'Torre', 'S2');
INSERT INTO SM_SENSOR (ID_SENSOR, TIPO, STATUS, LOCALIZACAO, SM_SISTEMA_ID_SISTEMA) VALUES
('SEN5', 'IRRADIANCIA', 'ATIVO', 'Campo 1', 'S3');
INSERT INTO SM_SENSOR (ID_SENSOR, TIPO, STATUS, LOCALIZACAO, SM_SISTEMA_ID_SISTEMA) VALUES
('SEN6', 'TEMPERATURA', 'ATIVO', 'Campo 2', 'S4');
INSERT INTO SM_SENSOR (ID_SENSOR, TIPO, STATUS, LOCALIZACAO, SM_SISTEMA_ID_SISTEMA) VALUES
('SEN7', 'IRRADIANCIA', 'ATIVO', 'Área comum', 'S5');

INSERT INTO SM_PAINEL_SOLAR (ID_PAINEL, MODELO, CAPACIDADE_KWP, QTD_PANEIS, SM_SISTEMA_ID_SISTEMA) VALUES
('P1', 'Mono-X200', 400, 50, 'S1');
INSERT INTO SM_PAINEL_SOLAR (ID_PAINEL, MODELO, CAPACIDADE_KWP, QTD_PANEIS, SM_SISTEMA_ID_SISTEMA) VALUES
('P2', 'Poly-Y150', 350, 40, 'S2');
INSERT INTO SM_PAINEL_SOLAR (ID_PAINEL, MODELO, CAPACIDADE_KWP, QTD_PANEIS, SM_SISTEMA_ID_SISTEMA) VALUES
('P3', 'Bifacial-Z300', 500, 60, 'S3');
INSERT INTO SM_PAINEL_SOLAR (ID_PAINEL, MODELO, CAPACIDADE_KWP, QTD_PANEIS, SM_SISTEMA_ID_SISTEMA) VALUES
('P4', 'Mono-X200', 450, 55, 'S4');
INSERT INTO SM_PAINEL_SOLAR (ID_PAINEL, MODELO, CAPACIDADE_KWP, QTD_PANEIS, SM_SISTEMA_ID_SISTEMA) VALUES
('P5', 'ThinFilm-T100', 200, 30, 'S5');

INSERT INTO SM_MANUTENCAO (ID_MANUTENCAO, DATA_AGENDADA, DESCRICAO, STATUS, SM_SISTEMA_ID_SISTEMA) VALUES
('M1', DATE '2025-01-10', 'Limpeza de módulos', 'AGENDADA', 'S1');
INSERT INTO SM_MANUTENCAO (ID_MANUTENCAO, DATA_AGENDADA, DESCRICAO, STATUS, SM_SISTEMA_ID_SISTEMA) VALUES
('M2', DATE '2025-02-05', 'Inspeção elétrica', 'CONCLUIDA', 'S2');
INSERT INTO SM_MANUTENCAO (ID_MANUTENCAO, DATA_AGENDADA, DESCRICAO, STATUS, SM_SISTEMA_ID_SISTEMA) VALUES
('M3', DATE '2025-03-12', 'Calibração de sensores', 'AGENDADA', 'S3');
INSERT INTO SM_MANUTENCAO (ID_MANUTENCAO, DATA_AGENDADA, DESCRICAO, STATUS, SM_SISTEMA_ID_SISTEMA) VALUES
('M4', DATE '2025-04-20', 'Substituição de inversor', 'CANCELADA', 'S4');
INSERT INTO SM_MANUTENCAO (ID_MANUTENCAO, DATA_AGENDADA, DESCRICAO, STATUS, SM_SISTEMA_ID_SISTEMA) VALUES
('M5', DATE '2025-05-30', 'Revisão anual', 'AGENDADA', 'S5');

INSERT INTO SM_MONITORAMENTO (ID_MONITORAMENTO, DATA_HORA, VALOR_LEITURA, UNIDADE, SM_SENSOR_ID_SENSOR) VALUES
('MON1', TIMESTAMP '2025-03-01 08:00:00', 850.5, 'W/m2', 'SEN1');
INSERT INTO SM_MONITORAMENTO (ID_MONITORAMENTO, DATA_HORA, VALOR_LEITURA, UNIDADE, SM_SENSOR_ID_SENSOR) VALUES
('MON2', TIMESTAMP '2025-03-01 08:05:00', 32.1, 'C', 'SEN2');
INSERT INTO SM_MONITORAMENTO (ID_MONITORAMENTO, DATA_HORA, VALOR_LEITURA, UNIDADE, SM_SENSOR_ID_SENSOR) VALUES
('MON3', TIMESTAMP '2025-03-01 08:10:00', 55, 'pct', 'SEN3');
INSERT INTO SM_MONITORAMENTO (ID_MONITORAMENTO, DATA_HORA, VALOR_LEITURA, UNIDADE, SM_SENSOR_ID_SENSOR) VALUES
('MON4', TIMESTAMP '2025-03-01 08:15:00', 12.3, 'm/s', 'SEN4');
INSERT INTO SM_MONITORAMENTO (ID_MONITORAMENTO, DATA_HORA, VALOR_LEITURA, UNIDADE, SM_SENSOR_ID_SENSOR) VALUES
('MON5', TIMESTAMP '2025-03-01 08:20:00', 920.0, 'W/m2', 'SEN5');

-- Compatibilidade com SolarMetrics_Procedures_CRUD.sql (Sprint 2)
INSERT INTO SM_SISTEMA (ID_SISTEMA, NOME_INSTALACAO, DATA_INSTALACAO, POTENCIA_TOTAL, STATUS, SM_USUARIO_ID_USER, SM_END_SISTEMA_ID_END_SIS) VALUES
('S20', 'Usina Solar - Shopping Campinas', DATE '2024-08-15', 20, 'ATIVO', 'U1', 'END1');
INSERT INTO SM_SENSOR (ID_SENSOR, TIPO, STATUS, LOCALIZACAO, SM_SISTEMA_ID_SISTEMA) VALUES
('SEN20', 'IRRADIANCIA', 'ATIVO', 'Telhado Central', 'S20');

COMMIT;
